series,label or environment,checkpoint,ICC_ref,ESS
bandit,icc05,reference,0.062,1.05
bandit,icc05,reference,0.084,1.06
bandit,icc05,reference,0.032,1.04
bandit,icc05,reference,0.023,1.03
bandit,icc05,reference,0.132,1.09
bandit,icc05,reference,0.015,1.03
bandit,icc05,reference,0.074,1.06
bandit,icc05,reference,0.090,1.06
bandit,icc05,reference,0.020,1.04
bandit,icc05,reference,0.069,1.05
bandit,icc05,trained,0.062,1.05
bandit,icc05,trained,0.084,1.07
bandit,icc05,trained,0.032,1.03
bandit,icc05,trained,0.023,1.03
bandit,icc05,trained,0.132,1.09
bandit,icc05,trained,0.015,1.04
bandit,icc05,trained,0.074,1.04
bandit,icc05,trained,0.090,1.05
bandit,icc05,trained,0.020,1.04
bandit,icc05,trained,0.069,1.05
bandit,icc26,reference,0.276,1.25
bandit,icc26,reference,0.296,1.33
bandit,icc26,reference,0.143,1.10
bandit,icc26,reference,0.284,1.28
bandit,icc26,reference,0.313,1.31
bandit,icc26,reference,0.285,1.28
bandit,icc26,reference,0.285,1.26
bandit,icc26,reference,0.325,1.33
bandit,icc26,reference,0.317,1.30
bandit,icc26,reference,0.348,1.35
bandit,icc26,trained,0.276,1.27
bandit,icc26,trained,0.296,1.40
bandit,icc26,trained,0.143,1.06
bandit,icc26,trained,0.284,1.28
bandit,icc26,trained,0.313,1.26
bandit,icc26,trained,0.285,1.28
bandit,icc26,trained,0.285,1.26
bandit,icc26,trained,0.325,1.27
bandit,icc26,trained,0.317,1.29
bandit,icc26,trained,0.348,1.31
bandit,icc55,reference,0.553,2.00
bandit,icc55,reference,0.630,2.33
bandit,icc55,reference,0.370,1.41
bandit,icc55,reference,0.575,2.05
bandit,icc55,reference,0.572,2.08
bandit,icc55,reference,0.618,2.27
bandit,icc55,reference,0.566,2.04
bandit,icc55,reference,0.583,2.07
bandit,icc55,reference,0.607,2.17
bandit,icc55,reference,0.619,2.24
bandit,icc55,trained,0.553,2.05
bandit,icc55,trained,0.630,2.42
bandit,icc55,trained,0.370,1.42
bandit,icc55,trained,0.575,1.94
bandit,icc55,trained,0.572,1.97
bandit,icc55,trained,0.618,2.25
bandit,icc55,trained,0.566,2.10
bandit,icc55,trained,0.583,1.99
bandit,icc55,trained,0.607,2.21
bandit,icc55,trained,0.619,2.24
bandit,icc75,reference,0.771,3.40
bandit,icc75,reference,0.855,4.84
bandit,icc75,reference,0.698,2.61
bandit,icc75,reference,0.774,3.34
bandit,icc75,reference,0.794,3.73
bandit,icc75,reference,0.813,4.16
bandit,icc75,reference,0.757,3.41
bandit,icc75,reference,0.761,3.36
bandit,icc75,reference,0.780,3.63
bandit,icc75,reference,0.807,3.91
bandit,icc75,trained,0.771,3.48
bandit,icc75,trained,0.855,4.56
bandit,icc75,trained,0.698,2.70
bandit,icc75,trained,0.774,3.36
bandit,icc75,trained,0.794,3.78
bandit,icc75,trained,0.813,4.36
bandit,icc75,trained,0.757,3.29
bandit,icc75,trained,0.761,3.31
bandit,icc75,trained,0.780,3.79
bandit,icc75,trained,0.807,3.84
"real, side effect",C1:refusal,step200,0.716,2.42
"real, side effect",C2:refusal,step200,0.465,1.18
"real, side effect",C2:unsafe,step200,0.501,1.43
"real, side effect",C3:refusal,step200,0.858,5.33
"real, pushed",C1:refusal:cand,step200,0.716,2.21
