shift,judge wording,carried bound miss rate,recall where measured,recall where applied
"200 training steps, label moved as a side effect",0,0.042,0.210,0.140
"200 training steps, label moved as a side effect",1,0.000,0.040,0.047
"200 training steps, label moved as a side effect",2,0.000,0.120,0.105
"200 training steps, label moved as a side effect",3,0.018,0.200,0.151
"200 training steps, label moved as a side effect",4,0.002,0.390,0.360
"200 training steps, label moved as a side effect",5,0.001,0.290,0.326
100 training steps that target the label,0,0.513,0.210,0.059
100 training steps that target the label,1,0.007,0.040,0.024
100 training steps that target the label,2,0.034,0.120,0.071
100 training steps that target the label,3,0.025,0.200,0.141
100 training steps that target the label,4,0.043,0.390,0.294
100 training steps that target the label,5,0.006,0.290,0.247
200 training steps that target the label,0,0.803,0.210,0.032
200 training steps that target the label,1,0.230,0.040,0.000
200 training steps that target the label,2,0.079,0.120,0.000
200 training steps that target the label,3,0.007,0.200,0.151
200 training steps that target the label,4,0.008,0.390,0.312
200 training steps that target the label,5,0.054,0.290,0.194
prompt source: OR-Bench to XSTest,0,0.000,0.127,0.311
prompt source: OR-Bench to XSTest,1,0.001,0.036,0.044
prompt source: OR-Bench to XSTest,2,0.133,0.145,0.089
prompt source: OR-Bench to XSTest,3,0.000,0.091,0.333
prompt source: OR-Bench to XSTest,4,0.000,0.291,0.511
prompt source: OR-Bench to XSTest,5,0.000,0.145,0.467
prompt source: XSTest to OR-Bench,0,0.488,0.311,0.127
prompt source: XSTest to OR-Bench,1,0.004,0.044,0.036
prompt source: XSTest to OR-Bench,2,0.000,0.089,0.145
prompt source: XSTest to OR-Bench,3,0.834,0.333,0.091
prompt source: XSTest to OR-Bench,4,0.143,0.511,0.291
prompt source: XSTest to OR-Bench,5,0.944,0.467,0.145
prompt pool: benign to harmful,0,0.000,0.210,0.374
prompt pool: benign to harmful,1,0.000,0.040,0.080
prompt pool: benign to harmful,2,0.000,0.120,0.153
prompt pool: benign to harmful,3,0.000,0.200,0.472
prompt pool: benign to harmful,4,0.000,0.390,0.537
prompt pool: benign to harmful,5,0.000,0.290,0.469
prompt pool: harmful to benign,0,0.737,0.374,0.210
prompt pool: harmful to benign,1,0.093,0.080,0.040
prompt pool: harmful to benign,2,0.000,0.153,0.120
prompt pool: harmful to benign,3,0.996,0.472,0.200
prompt pool: harmful to benign,4,0.094,0.537,0.390
prompt pool: harmful to benign,5,0.645,0.469,0.290
